request_type,name,response_time_ms,response_length
POST,/routes/heatmap,147.89516699966043,434
GET,/city/Boston,147.2942079999484,60
POST,/routes/heatmap,147.14470799663104,434
GET,/routes/shortest?fromName=New%20York&toName=Los%20Angeles,149.72320798551664,134
GET,/cities,148.99666598648764,957
GET,/city/Los%20Angeles,151.22108400100842,66
GET,/cities,148.30599998822436,957
GET,/routes/most-used?date=2025-11-01,147.05554200918414,2821
POST,/routes/heatmap,149.12337498390116,434
GET,/routes/random-points?count=4,157.86412500892766,29
GET,/city/Boston,146.60549999098293,60
GET,/city/Chicago,146.13983299932443,62
GET,/cities,160.4847080016043,957
POST,/routes/heatmap,151.42562499386258,434
GET,/routes/random-points?count=3,153.27737500774674,22
GET,/cities,156.1992919887416,957
GET,/routes/shortest?fromName=Chicago&toName=Seattle,172.28220900869928,122
POST,/routes/heatmap,188.10020899400115,434
GET,/routes/random-points?count=3,181.13212499883957,22
GET,/cities,181.1014169943519,957
GET,/city/info/Phoenix,184.12708301912062,119
GET,/routes/most-used?date=2025-11-01,204.7869170201011,2821
GET,/cities,201.23425000929274,957
GET,/city/Seattle,216.28395799780264,61
POST,/routes/heatmap,197.2544169984758,434
POST,/routes/heatmap,228.36620899033733,434
GET,/routes/most-used?date=2025-11-01,246.9217499892693,2821
GET,/city/info/Salt%20Lake%20City,273.26420799363405,126
GET,/routes/shortest?fromName=Atlanta&toName=Kansas%20City,274.1211249958724,102
GET,/city/Denver,291.3229589757975,60
GET,/routes/shortest?fromName=Boston&toName=Miami,293.2541250193026,107
GET,/routes/most-used,307.6954999996815,2821
POST,/routes/heatmap,305.52604200784117,434
GET,/city/Houston,317.6792909798678,62
GET,/cities,316.30087501253,957
GET,/routes/random-points?count=5,317.80633400194347,36
GET,/routes/random-points?count=1,317.6900830003433,8
GET,/routes/shortest?fromName=Phoenix&toName=Houston,378.09674997697584,82
GET,/cities,379.311124997912,957
GET,/city/info/Miami,378.6387919972185,115
GET,/cities,380.3192919876892,957
GET,/routes/shortest?fromName=Atlanta&toName=Kansas%20City,377.28379198233597,102
GET,/city/info/Los%20Angeles,383.957082987763,124
GET,/routes/most-used,383.6055830179248,2821
GET,/cities,385.6080829864368,957
POST,/routes/heatmap,382.61466700350866,434
GET,/cities,379.48549998691306,957
GET,/city/info/Miami,378.580749995308,115
GET,/cities,382.77812500018626,957
GET,/cities,388.12545797554776,957
GET,/cities,388.1223750067875,957
GET,/routes/most-used?date=2025-11-01,397.3435000225436,2821
GET,/routes/most-used,404.088250012137,2821
GET,/routes/most-used?date=2025-11-01,404.32087500812486,2821
GET,/city/info/Buffalo,411.6441660153214,117
GET,/routes/shortest?fromName=Houston&toName=Nashville,423.6863749974873,86
GET,/routes/random-points?count=1,436.81058299262077,8
GET,/routes/shortest?fromName=Boston&toName=Miami,437.5319170067087,107
POST,/routes/heatmap,437.9565840063151,434
GET,/routes/most-used,444.98804199974984,2821
GET,/routes/most-used,455.29383298708126,2821
GET,/routes/most-used?date=2025-11-01,458.6392920173239,2821
GET,/cities,461.13124999101274,957
GET,/routes/most-used,467.06833300413564,2821
GET,/routes/random-points?count=5,468.72166701359674,36
GET,/routes/random-points?count=3,467.2465000185184,22
GET,/routes/random-points?count=3,467.95504199690185,22
GET,/routes/shortest?fromName=Denver&toName=Phoenix,546.9980420020875,80
GET,/routes/most-used,550.0683329883032,2821
POST,/routes/heatmap,545.865500025684,434
GET,/city/info/Miami,548.2948330172803,115
POST,/routes/heatmap,550.1640420116019,434
GET,/routes/most-used?date=2025-11-01,547.15812500217,2821
GET,/city/Portland,549.038750003092,63
POST,/routes/heatmap,548.4923750045709,434
GET,/city/Portland,549.0253329917323,63
GET,/routes/shortest?fromName=Chicago&toName=Seattle,552.0220829930622,122
GET,/routes/most-used,548.6827920249198,2821
GET,/routes/most-used?date=2025-11-01,551.9297909922898,2821
GET,/cities,549.046250001993,957
GET,/routes/most-used,553.445333003765,2821
GET,/city/New%20York,554.4594590028282,63
GET,/city/Portland,558.7003749969881,63
GET,/routes/most-used,566.0667920019478,2821
GET,/routes/shortest?fromName=Phoenix&toName=Houston,591.7564170085825,82
GET,/city/info/Miami,592.9754169774242,115
GET,/routes/shortest?fromName=Atlanta&toName=Kansas%20City,592.3520830110647,102
GET,/city/info/Portland,594.1117499896791,118
GET,/cities,597.4316250067204,957
GET,/routes/shortest?fromName=Denver&toName=Phoenix,609.7165000101086,80
POST,/routes/heatmap,616.0810839792248,434
GET,/city/Denver,621.9629170082044,60
GET,/cities,622.4096250080038,957
POST,/routes/heatmap,635.4270419979002,434
POST,/routes/heatmap,636.4381669845898,434
GET,/city/info/Kansas%20City,636.9605410145596,122
GET,/routes/random-points?count=1,642.1477090043481,8
GET,/routes/most-used,643.6513750231825,2821
GET,/city/info/Portland,646.4324170083273,118
GET,/routes/most-used,652.3667919973377,2821
GET,/routes/most-used,126.98574998648837,2821
GET,/routes/random-points?count=5,139.4966670195572,36
GET,/routes/random-points?count=1,144.71129098092206,8
GET,/routes/random-points?count=3,140.72779199341312,22
POST,/routes/heatmap,142.74233300238848,434
GET,/routes/random-points?count=3,141.16137500968762,22
GET,/routes/random-points?count=2,127.43366599897854,15
GET,/city/Denver,142.41554200998507,60
POST,/routes/heatmap,142.26129101007245,434
GET,/cities,143.54041701881215,957
GET,/routes/shortest?fromName=Denver&toName=Phoenix,140.00354098971002,80
GET,/city/info/Kansas%20City,143.0009999894537,122
GET,/routes/shortest?fromName=New%20York&toName=Los%20Angeles,142.27924999431707,134
GET,/routes/shortest?fromName=Phoenix&toName=Houston,144.7818749875296,82
GET,/routes/shortest?fromName=Denver&toName=Phoenix,142.13283400749788,80
GET,/cities,128.76887500169687,957
GET,/routes/random-points?count=1,128.61737501225434,8
GET,/routes/random-points?count=1,129.178959003184,8
GET,/city/info/Atlanta,129.59370901808143,117
GET,/city/info/Kansas%20City,157.68658299930394,122
GET,/routes/most-used?date=2025-11-01,158.3956670074258,2821
GET,/city/Nashville,156.54391699354164,64
GET,/cities,154.20237500802614,957
GET,/routes/shortest?fromName=Boston&toName=Miami,174.3047090130858,107
GET,/city/Portland,172.2897499857936,63
GET,/cities,176.63187501602806,957
GET,/city/Boston,177.19612500513904,60
GET,/cities,181.29212499479763,957
GET,/city/Denver,186.87916701310314,60
GET,/city/info/Miami,186.62124997354113,115
GET,/cities,192.4257079954259,957
GET,/routes/shortest?fromName=Houston&toName=Nashville,216.2139999854844,86
GET,/city/Houston,213.17570898099802,62
GET,/routes/most-used,213.4943330020178,2821
GET,/routes/most-used?date=2025-11-01,223.61254200222902,2821
GET,/city/info/Nashville,222.55533299176022,119
GET,/routes/random-points?count=3,230.42758301016875,22
GET,/routes/most-used,230.7636250043288,2821
POST,/routes/heatmap,238.14362499979325,434
GET,/routes/shortest?fromName=Chicago&toName=Seattle,243.76020798808895,122
POST,/routes/heatmap,255.8266659907531,434
GET,/cities,272.64537499286234,957
GET,/routes/shortest?fromName=Boston&toName=Miami,274.75783400586806,107
GET,/routes/random-points?count=1,269.72241600742564,8
GET,/routes/random-points?count=1,270.12299999478273,8
GET,/routes/shortest?fromName=Chicago&toName=Seattle,298.2767499925103,122
GET,/cities,298.8143340044189,957
GET,/routes/shortest?fromName=Atlanta&toName=Kansas%20City,299.7837089933455,102
GET,/city/Buffalo,308.88633301947266,62
POST,/routes/heatmap,315.1574170042295,434
POST,/routes/heatmap,312.95749999117106,434
GET,/routes/random-points?count=2,312.24324999493547,15
GET,/routes/random-points?count=3,312.18541599810123,22
GET,/routes/shortest?fromName=Atlanta&toName=Kansas%20City,45.14612499042414,102
GET,/city/Phoenix,340.9464160213247,63
GET,/routes/shortest?fromName=New%20York&toName=Los%20Angeles,339.74874997511506,134
GET,/city/info/Nashville,47.13687501498498,119
GET,/city/Nashville,352.2407920099795,64
POST,/routes/heatmap,355.79670799779706,434
GET,/routes/random-points?count=4,349.7223339800257,29
GET,/routes/random-points?count=2,349.6856249985285,15
GET,/cities,351.714999997057,957
POST,/routes/heatmap,370.7815420057159,434
GET,/city/Boston,370.1465000049211,60
GET,/routes/most-used,28.321332996711135,2821
GET,/cities,371.9242499792017,957
GET,/city/Portland,372.51983300666325,63
GET,/city/info/Salt%20Lake%20City,383.58404202153906,126
GET,/routes/most-used?date=2025-11-01,383.06283301790245,2821
GET,/city/Atlanta,387.2219169861637,61
GET,/routes/random-points?count=2,386.62900001509115,15
GET,/routes/shortest?fromName=Denver&toName=Phoenix,406.67654198477976,80
GET,/city/Phoenix,400.83162498194724,63
GET,/cities,422.86370901274495,957
GET,/routes/shortest?fromName=Phoenix&toName=Houston,421.7224169988185,82
GET,/routes/most-used,425.2752919855993,2821
GET,/routes/most-used?date=2025-11-01,433.9872499986086,2821
GET,/city/info/Nashville,433.55733298812993,119
GET,/city/Phoenix,35.83458298817277,63
GET,/routes/random-points?count=3,437.21737500163727,22
GET,/routes/most-used,440.07287500426173,2821
GET,/routes/random-points?count=3,452.340500021819,22
GET,/routes/shortest?fromName=Boston&toName=Miami,452.02112500555813,107
GET,/routes/most-used?date=2025-11-01,460.58437498868443,2821
GET,/cities,461.13599999807775,957
GET,/routes/random-points?count=3,461.11295800074004,22
GET,/routes/random-points?count=5,463.7149999907706,36
GET,/cities,467.06533298129216,957
GET,/city/Salt%20Lake%20City,21.746707992861047,69
GET,/routes/random-points?count=2,469.88616697490215,15
GET,/city/info/Los%20Angeles,473.8489169976674,124
POST,/routes/heatmap,478.77950000111014,434
GET,/routes/shortest?fromName=Denver&toName=Phoenix,505.5265410046559,80
GET,/routes/shortest?fromName=Denver&toName=Phoenix,506.8305419990793,80
GET,/cities,514.8619159881491,957
GET,/routes/most-used?date=2025-11-01,515.2820000075735,2821
POST,/routes/heatmap,67.36229098169133,434
GET,/cities,533.8785420171916,957
GET,/routes/shortest?fromName=Chicago&toName=Seattle,536.1025839811191,122
GET,/routes/shortest?fromName=Chicago&toName=Seattle,546.6597500198986,122
GET,/routes/most-used?date=2025-11-01,552.6428750017658,2821
POST,/routes/heatmap,560.6582920008805,434
GET,/routes/random-points?count=4,40.43774999445304,29
POST,/routes/heatmap,54.91854200954549,434
POST,/routes/heatmap,572.6832080108579,434
GET,/city/New%20York,574.890707997838,63
GET,/city/info/Salt%20Lake%20City,580.6466250214726,126
GET,/cities,580.6942499766592,957
GET,/city/info/Miami,10.37666600313969,115
GET,/routes/shortest?fromName=Chicago&toName=Seattle,39.346458012005314,122
GET,/city/Salt%20Lake%20City,25.254084001062438,69
POST,/routes/heatmap,8.36954198894091,434
GET,/routes/random-points?count=2,1.7850830045063049,15
GET,/routes/random-points?count=5,2.1976249990984797,36
GET,/city/info/Kansas%20City,8.286291995318606,122
GET,/city/Miami,7.921250013168901,59
GET,/city/info/Los%20Angeles,7.937667018268257,124
GET,/city/info/Buffalo,7.311749999644235,117
GET,/routes/most-used?date=2025-11-01,12.138749996665865,2821
GET,/routes/shortest?fromName=Houston&toName=Nashville,18.37279199389741,86
GET,/routes/most-used,13.69900000281632,2821
GET,/city/Atlanta,7.3846669984050095,61
GET,/routes/most-used?date=2025-11-01,17.92970800306648,2821
GET,/city/info/Denver,6.252833001781255,116
GET,/city/info/New%20York,25.344957975903526,120
GET,/routes/random-points?count=2,27.057500003138557,15
GET,/routes/random-points?count=1,96.10204200726002,8
GET,/routes/random-points?count=2,64.8383749939967,15
GET,/cities,67.98208301188424,957
GET,/cities,97.2060420026537,957
GET,/routes/shortest?fromName=Houston&toName=Nashville,96.16920800181106,86
GET,/cities,95.91237499262206,957
POST,/routes/heatmap,95.70774997700937,434
GET,/routes/random-points?count=2,95.47295901575126,15
POST,/routes/heatmap,99.86820799531415,434
GET,/routes/most-used?date=2025-11-01,114.36045801383443,2821
GET,/city/Buffalo,114.70845897565596,62
GET,/city/Nashville,121.98516700300388,64
GET,/city/info/Portland,121.88029201934114,118
GET,/city/info/New%20York,102.57958300644532,120
GET,/city/info/Denver,120.89766701683402,116
GET,/cities,92.85983399604447,957
GET,/routes/random-points?count=3,85.00479100621305,22
GET,/city/Buffalo,99.71495799254626,62
GET,/routes/random-points?count=3,136.59754101536237,22
GET,/routes/most-used?date=2025-11-01,57.919333019526675,2821
GET,/routes/shortest?fromName=Boston&toName=Miami,61.333416000707075,107
GET,/city/info/Kansas%20City,148.46737499465235,122
GET,/routes/random-points?count=5,52.960417000576854,36
GET,/routes/random-points?count=1,151.72554200398736,8
GET,/city/info/Seattle,151.45099998335354,117
GET,/routes/random-points?count=5,151.8347920209635,36
POST,/routes/heatmap,99.14462501183152,434
POST,/routes/heatmap,59.84354100655764,434
GET,/routes/most-used,70.13987499522045,2821
GET,/routes/random-points?count=1,68.5872079920955,8
GET,/cities,84.07074998831376,957
POST,/routes/heatmap,205.99291601683944,434
GET,/cities,206.33187500061467,957
GET,/routes/random-points?count=3,207.06304200575687,22
GET,/routes/most-used?date=2025-11-01,206.9664169976022,2821
GET,/city/info/Salt%20Lake%20City,223.05033399607055,126
GET,/routes/random-points?count=2,206.91279199672863,15
POST,/routes/heatmap,206.42995901289396,434
GET,/city/Salt%20Lake%20City,100.55104197817855,69
GET,/city/Nashville,84.39720800379291,64
GET,/routes/most-used,226.86954200617038,2821
GET,/routes/shortest?fromName=Chicago&toName=Seattle,252.99666699720547,122
GET,/city/Seattle,246.41491699730977,61
GET,/routes/shortest?fromName=Phoenix&toName=Houston,100.43687501456589,82
GET,/city/info/Atlanta,81.00395899964496,117
GET,/routes/random-points?count=2,266.4758329920005,15
GET,/cities,269.49187502032146,957
GET,/routes/random-points?count=4,60.974499996518716,29
GET,/city/Phoenix,282.83141599968076,63
GET,/cities,54.902041010791436,957
GET,/city/Chicago,281.3682499981951,62
POST,/routes/heatmap,298.73037501238286,434
GET,/city/info/Seattle,297.86420799791813,117
POST,/routes/heatmap,63.6400829826016,434
POST,/routes/heatmap,55.88633299339563,434
GET,/cities,317.4570419942029,957
GET,/city/info/Denver,60.15516599291004,116
GET,/city/info/Portland,56.386959011433646,118
GET,/city/info/Portland,318.2595419930294,118
GET,/routes/most-used?date=2025-11-01,327.96270900871605,2821
GET,/city/info/Denver,51.538625004468486,116
GET,/routes/most-used,78.52091599488631,2821
GET,/routes/shortest?fromName=Chicago&toName=Seattle,68.9949160150718,122
GET,/routes/random-points?count=2,66.00579101359472,15
GET,/cities,76.72408301732503,957
GET,/city/info/New%20York,356.20620800182223,120
POST,/routes/heatmap,356.92179200123064,434
GET,/city/info/Miami,72.14591599768028,115
GET,/city/info/Salt%20Lake%20City,366.60737497732043,126
GET,/city/info/Kansas%20City,366.5135420160368,122
GET,/routes/shortest?fromName=Denver&toName=Phoenix,388.6067919956986,80
GET,/routes/shortest?fromName=Houston&toName=Nashville,385.8720000134781,86
GET,/routes/most-used,65.28370801243,2821
GET,/city/info/Houston,60.1737080141902,119
GET,/cities,65.34508400363848,957
POST,/routes/heatmap,414.18612501001917,434
GET,/cities,408.78491700277664,957
GET,/routes/shortest?fromName=Phoenix&toName=Houston,80.0536249880679,82
GET,/routes/shortest?fromName=Chicago&toName=Seattle,431.01416699937545,122
GET,/routes/shortest?fromName=Boston&toName=Miami,74.36070899711922,107
GET,/routes/shortest?fromName=Chicago&toName=Seattle,466.528416989604,122
GET,/city/info/New%20York,467.2922909958288,120
GET,/city/info/Chicago,464.4401249825023,119
GET,/cities,69.89820901071653,957
GET,/routes/most-used,476.19537499849685,2821
GET,/routes/shortest?fromName=Boston&toName=Miami,487.8907080274075,107
GET,/routes/random-points?count=2,483.1007910252083,15
GET,/routes/most-used,102.24179099895991,2821
GET,/routes/shortest?fromName=Chicago&toName=Seattle,99.35683300136589,122
GET,/city/info/Los%20Angeles,80.9985839878209,124
POST,/routes/heatmap,71.55941700330004,434
POST,/routes/heatmap,60.94958400353789,434
GET,/routes/random-points?count=1,532.7029159816448,8
GET,/routes/random-points?count=1,532.4298329942394,8
GET,/cities,532.3719170119148,957
GET,/cities,533.5009999980684,957
GET,/city/info/Houston,536.8288750178181,119
GET,/routes/most-used?date=2025-11-01,532.5665829877835,2821
GET,/routes/random-points?count=5,540.1222920045257,36
POST,/routes/heatmap,541.5034579928033,434
GET,/city/Kansas%20City,81.6891250142362,66
GET,/cities,543.9115419867449,957
GET,/routes/shortest?fromName=Denver&toName=Phoenix,593.1188749964349,80
GET,/city/info/Salt%20Lake%20City,593.9425420074258,126
GET,/routes/shortest?fromName=Boston&toName=Miami,76.53662501252256,107
POST,/routes/heatmap,105.36450002109632,434
GET,/routes/shortest?fromName=Atlanta&toName=Kansas%20City,76.72487499075942,102
GET,/cities,89.5574169990141,957
GET,/city/New%20York,76.9985840015579,63
GET,/cities,612.7468750055414,957
GET,/routes/random-points?count=2,612.026374990819,15
GET,/city/info/Boston,82.92537502711639,116
GET,/routes/most-used?date=2025-11-01,82.33175001805648,2821
GET,/routes/shortest?fromName=Houston&toName=Nashville,614.2503330192994,86
POST,/routes/heatmap,626.304874982452,434
GET,/routes/most-used?date=2025-11-01,626.1640409938991,2821
GET,/city/info/Portland,102.19995799707249,118
GET,/cities,101.92420799285173,957
GET,/city/Nashville,679.4845419935882,64
GET,/routes/shortest?fromName=Denver&toName=Phoenix,133.09679200756364,80
GET,/routes/random-points?count=3,99.07695799483918,22
POST,/routes/heatmap,111.02983300224878,434
GET,/routes/most-used,103.79029100295156,2821
GET,/routes/most-used,109.6320420037955,2821
GET,/city/info/Boston,96.44416699302383,116
GET,/routes/shortest?fromName=Phoenix&toName=Houston,681.1087079986464,82
GET,/routes/random-points?count=4,685.2567089954391,29
GET,/city/info/Nashville,95.33491599722765,119
GET,/routes/random-points?count=1,92.0141669921577,8
GET,/cities,687.4124160094652,957
GET,/routes/random-points?count=5,70.02845901297405,36
GET,/city/info/Denver,692.456333024893,116
GET,/city/Nashville,692.9804160026833,64
POST,/routes/heatmap,733.3057920041028,434
POST,/routes/heatmap,91.64937501191162,434
GET,/routes/shortest?fromName=Atlanta&toName=Kansas%20City,102.17637498863041,102
GET,/city/info/Salt%20Lake%20City,72.45949999196455,126
GET,/routes/most-used,62.282792001497,2821
GET,/routes/random-points?count=3,104.23208400607109,22
POST,/routes/heatmap,67.36783299129456,434
GET,/city/Nashville,65.39008300751448,64
GET,/routes/most-used?date=2025-11-01,746.7835830175318,2821
GET,/routes/most-used,748.1566669885069,2821
POST,/routes/heatmap,760.1140409824438,434
GET,/city/info/Salt%20Lake%20City,757.2821250068955,126
GET,/routes/random-points?count=5,794.3464999843854,36
GET,/routes/most-used?date=2025-11-01,790.991625020979,2821
GET,/routes/shortest?fromName=Phoenix&toName=Houston,72.47741598985158,82
GET,/routes/most-used?date=2025-11-01,79.01004198356532,2821
GET,/routes/shortest?fromName=Denver&toName=Phoenix,79.64279199950397,80
GET,/routes/shortest?fromName=Chicago&toName=Seattle,807.0729589962866,122
GET,/routes/shortest?fromName=Atlanta&toName=Kansas%20City,106.13662499235943,102
GET,/routes/shortest?fromName=Chicago&toName=Seattle,116.11150001408532,122
GET,/routes/most-used,849.0430420206394,2821
GET,/routes/shortest?fromName=Atlanta&toName=Kansas%20City,846.6431669949088,102
GET,/city/Seattle,853.7286249920726,61
GET,/routes/random-points?count=3,855.85724998964,22
GET,/city/info/Boston,851.7152499989606,116
GET,/cities,75.16533398302272,957
GET,/routes/shortest?fromName=Houston&toName=Nashville,869.7206249926239,86
GET,/city/Los%20Angeles,872.4257909925655,66
GET,/routes/shortest?fromName=Houston&toName=Nashville,68.33733301027678,86
GET,/routes/random-points?count=1,89.09624998341314,8
GET,/routes/shortest?fromName=New%20York&toName=Los%20Angeles,100.70587499649264,134
GET,/city/info/Boston,89.04970801086165,116
GET,/routes/random-points?count=3,63.932541001122445,22
POST,/routes/heatmap,905.3447500045877,434
GET,/cities,906.449749978492,957
GET,/routes/most-used,86.0339580103755,2821
POST,/routes/heatmap,940.0505829835311,434
GET,/routes/most-used?date=2025-11-01,937.9981659876648,2821
GET,/routes/shortest?fromName=Houston&toName=Nashville,940.9822080051526,86
GET,/routes/random-points?count=2,74.09220800036564,15
GET,/routes/random-points?count=2,65.16891697538085,15
GET,/city/info/Denver,955.5089170171414,116
GET,/city/New%20York,66.78545899922028,63
GET,/city/Salt%20Lake%20City,62.008957989746705,69
GET,/routes/most-used?date=2025-11-01,955.0656669889577,2821
GET,/routes/most-used,85.21008299430832,2821
POST,/routes/heatmap,86.02604200132191,434
GET,/city/info/Los%20Angeles,85.65745799569413,124
GET,/routes/most-used?date=2025-11-01,988.0313749890774,2821
GET,/routes/most-used,988.2532079936936,2821
GET,/cities,77.17195901204832,957
GET,/city/Atlanta,1013.1552920211107,61
GET,/city/Houston,1012.6487090019509,62
GET,/city/info/Atlanta,100.43104199576192,117
GET,/routes/most-used?date=2025-11-01,104.9453750019893,2821
GET,/routes/random-points?count=3,78.13370900112204,22
POST,/routes/heatmap,88.71087498846464,434
GET,/city/info/Buffalo,1027.7615829836577,117
GET,/cities,91.10854100435972,957
POST,/routes/heatmap,1038.6304159765132,434
POST,/routes/heatmap,69.34383301995695,434
GET,/routes/most-used?date=2025-11-01,82.02112501021475,2821
GET,/routes/random-points?count=3,73.49087498732843,22
GET,/city/info/New%20York,73.88583300053142,120
GET,/city/Kansas%20City,72.36474999808706,66
GET,/city/Chicago,73.93612500163727,62
GET,/city/Kansas%20City,96.94266598671675,66
POST,/routes/heatmap,68.65995799307711,434
GET,/cities,133.2151250098832,957
GET,/routes/shortest?fromName=Denver&toName=Phoenix,133.73679199139588,80
GET,/routes/shortest?fromName=Houston&toName=Nashville,74.84445901354775,86
POST,/routes/heatmap,109.59441697923467,434
GET,/routes/shortest?fromName=Houston&toName=Nashville,188.21212500915863,86
GET,/city/info/Denver,109.71179199987091,116
GET,/routes/shortest?fromName=Boston&toName=Miami,115.14745798194781,107
GET,/city/Miami,105.1190420112107,59
GET,/routes/most-used,113.00924999522977,2821
GET,/routes/most-used,188.93037500674836,2821
GET,/cities,194.080874993233,957
GET,/routes/random-points?count=5,194.3934999871999,36
GET,/city/info/Salt%20Lake%20City,102.64829098014161,126
GET,/routes/random-points?count=2,128.14962500124238,15
POST,/routes/heatmap,222.591833997285,434
POST,/routes/heatmap,221.38187501695938,434
GET,/routes/shortest?fromName=Chicago&toName=Seattle,107.61812501004897,122
GET,/routes/random-points?count=3,107.96820800169371,22
GET,/routes/most-used,249.2788749805186,2821
GET,/cities,113.86220902204514,957
GET,/cities,93.26416702242568,957
GET,/city/info/Houston,72.41258400608785,119
GET,/cities,104.54608299187385,957
GET,/routes/most-used?date=2025-11-01,249.56820800434798,2821
GET,/city/Denver,76.13183400826529,60
GET,/routes/shortest?fromName=Boston&toName=Miami,264.1305419965647,107
GET,/city/info/Boston,287.0892499922775,116
GET,/routes/most-used?date=2025-11-01,287.59125000215136,2821
GET,/routes/shortest?fromName=Phoenix&toName=Houston,286.298208986409,82
POST,/routes/heatmap,85.62004199484363,434
GET,/city/Boston,69.04933298937976,60
GET,/routes/shortest?fromName=Houston&toName=Nashville,313.69216699386016,86
GET,/city/info/Los%20Angeles,313.4465420152992,124
GET,/routes/shortest?fromName=Houston&toName=Nashville,81.04241598630324,86
POST,/routes/heatmap,86.54950000345707,434
POST,/routes/heatmap,82.3145000031218,434
GET,/city/info/Denver,342.9067910183221,116
GET,/cities,345.1125000137836,957
GET,/city/Denver,110.3293749911245,60
GET,/routes/shortest?fromName=New%20York&toName=Los%20Angeles,382.26762498379685,134
GET,/routes/shortest?fromName=Phoenix&toName=Houston,116.50945898145437,82
POST,/routes/heatmap,115.96566700609401,434
GET,/cities,110.82429200178012,957
GET,/routes/shortest?fromName=New%20York&toName=Los%20Angeles,397.278666991042,134
GET,/city/info/Atlanta,118.481708021136,117
GET,/cities,403.9849170076195,957
GET,/city/info/Kansas%20City,93.07333402102813,122
GET,/routes/random-points?count=4,97.08162499009632,29
GET,/routes/random-points?count=2,409.0585829981137,15
GET,/routes/random-points?count=5,72.55808400805108,36
GET,/routes/random-points?count=2,412.83129100338556,15
GET,/routes/random-points?count=4,71.9248749956023,29
GET,/cities,71.83887501014397,957
GET,/routes/random-points?count=2,411.31687501911074,15
GET,/cities,414.04641699045897,957
POST,/routes/heatmap,46.100417006528005,434
GET,/city/Nashville,438.0639170121867,64
GET,/routes/most-used?date=2025-11-01,34.06266699312255,2821
GET,/city/Boston,435.50145797780715,60
GET,/routes/most-used?date=2025-11-01,445.16479200683534,2821
GET,/cities,448.3025420049671,957
GET,/cities,454.1547919798177,957
GET,/city/info/Denver,454.5074579946231,116
GET,/routes/most-used,67.36633297987282,2821
GET,/routes/shortest?fromName=Houston&toName=Nashville,49.50333299348131,86
GET,/routes/random-points?count=4,487.9670000227634,29
GET,/routes/most-used?date=2025-11-01,489.88358399947174,2821
GET,/city/info/Los%20Angeles,70.53729202016257,124
GET,/city/info/Seattle,70.82379100029357,117
GET,/city/Miami,511.89487500232644,59
GET,/city/Phoenix,521.1618750181515,63
GET,/city/info/Chicago,521.0638330026995,119
GET,/routes/shortest?fromName=Houston&toName=Nashville,101.36862500803545,86
GET,/routes/random-points?count=4,559.3299170141108,29
GET,/cities,101.35558299953118,957
GET,/city/info/Atlanta,106.15341700031422,117
GET,/city/Phoenix,98.93579100025818,63
GET,/routes/shortest?fromName=Phoenix&toName=Houston,559.9597500113305,82
POST,/routes/heatmap,128.72775000869296,434
GET,/routes/most-used,122.59412501589395,2821
GET,/city/Chicago,614.2130420194007,62
GET,/routes/shortest?fromName=Atlanta&toName=Kansas%20City,104.4494170055259,102
GET,/routes/most-used,118.85158298537135,2821
GET,/cities,114.86145801609382,957
GET,/routes/most-used?date=2025-11-01,105.05883299629204,2821
GET,/cities,613.8331659894902,957
GET,/cities,124.66212501749396,957
GET,/routes/most-used?date=2025-11-01,639.7716669889633,2821
POST,/routes/heatmap,640.8284160133917,434
POST,/routes/heatmap,127.06249998882413,434
GET,/city/Kansas%20City,165.6477090145927,66
GET,/routes/random-points?count=4,156.71929100062698,29
GET,/routes/shortest?fromName=Phoenix&toName=Houston,704.5237089914735,82
GET,/cities,157.13616600260139,957
GET,/city/Los%20Angeles,180.26324998936616,66
GET,/routes/random-points?count=1,183.58637500205077,8
POST,/routes/heatmap,157.6364159991499,434
GET,/cities,178.1458330224268,957
GET,/cities,166.30775001249276,957
GET,/routes/shortest?fromName=Denver&toName=Phoenix,185.9672499995213,80
GET,/routes/shortest?fromName=Phoenix&toName=Houston,705.4794160067104,82
GET,/cities,182.45904098148458,957
GET,/city/Kansas%20City,182.7845000079833,66
GET,/city/info/Denver,160.09441699134186,116
GET,/routes/shortest?fromName=Houston&toName=Nashville,169.81112500070594,86
GET,/routes/shortest?fromName=Denver&toName=Phoenix,183.65720799192786,80
GET,/city/info/Houston,197.6170409761835,119
GET,/routes/most-used?date=2025-11-01,183.38970901095308,2821
GET,/city/Portland,184.37987501965836,63
GET,/cities,759.0536249917932,957
GET,/cities,151.58054101630114,957
GET,/city/Nashville,784.6307920117397,64
GET,/routes/shortest?fromName=Boston&toName=Miami,146.84245799435303,107
POST,/routes/heatmap,147.1769170020707,434
GET,/routes/most-used?date=2025-11-01,795.8242910099216,2821
POST,/routes/heatmap,795.6700839858968,434
GET,/city/info/New%20York,148.85558301466517,120
POST,/routes/heatmap,158.9759589987807,434
GET,/city/Portland,135.26283300598152,63
GET,/cities,124.61108301067725,957
GET,/city/info/Los%20Angeles,157.75149999535643,124
GET,/city/Chicago,822.5316669850145,62
GET,/cities,823.7902500259224,957
GET,/cities,115.27662500157021,957
GET,/cities,845.4087080026511,957
GET,/city/info/Buffalo,137.22737500211224,117
GET,/routes/random-points?count=5,139.11141699645668,36
GET,/routes/shortest?fromName=Boston&toName=Miami,141.87062499695458,107
GET,/routes/random-points?count=3,133.30474999384023,22
GET,/cities,98.4299169795122,957
GET,/routes/shortest?fromName=Boston&toName=Miami,122.78408400015905,107
GET,/routes/shortest?fromName=Atlanta&toName=Kansas%20City,99.80979200918227,102
POST,/routes/heatmap,879.8265419900417,434
GET,/routes/random-points?count=1,106.86358300154097,8
GET,/city/New%20York,106.61704099038616,63
GET,/city/New%20York,102.0092079997994,63
GET,/routes/most-used?date=2025-11-01,886.8607500044163,2821
POST,/routes/heatmap,132.77349999407306,434
GET,/routes/shortest?fromName=Atlanta&toName=Kansas%20City,129.77720799972303,102
GET,/routes/random-points?count=5,141.3911249837838,36
GET,/routes/shortest?fromName=Atlanta&toName=Kansas%20City,123.82170799537562,102
GET,/cities,922.686166013591,957
POST,/routes/heatmap,928.4269170020707,434
GET,/city/info/Portland,121.32579198805615,118
GET,/cities,106.11158300889656,957
POST,/routes/heatmap,941.0460829967633,434
